index,url,valid,domain,title,description,image,published,archive,content,quote,language,keyword
https://www.stern.de/panorama/verbrechen/australien--polizei-sucht-opfer-eines-satanistischen-kinderporno-rings-36913994.html,https://www.stern.de/panorama/verbrechen/australien--polizei-sucht-opfer-eines-satanistischen-kinderporno-rings-36913994.html,0,www.stern.de,Australien: Polizei hebt Missbrauchsring für satanistische Kinderpornos aus,"In Australien müssen sich vier Männer wegen Kinderpornos verantworten. Die Polizei arbeitet nun daran, die Kinder zu identifizieren, die ihnen zum Opfer gefallen sind.",https://image.stern.de/36914002/t/kf/v1/w1440/r1.7778/-/australien-polizei.jpg,2025-12-01T03:48:36Z,,"Kopiere den aktuellen Link
Zur Merkliste hinzufügen
In Australien müssen sich vier Männer wegen Kinderpornos verantworten. Die Polizei arbeitet nun daran, die Kinder zu identifizieren, die ihnen zu… [+1315 chars]",,de,'Australien'
https://www.nzz.ch/feuilleton/in-neukoelln-zeigt-sich-deutschlands-ganzes-islam-debakel-ld.1913828,https://www.nzz.ch/feuilleton/in-neukoelln-zeigt-sich-deutschlands-ganzes-islam-debakel-ld.1913828,0,www.nzz.ch,In Neukölln zeigt sich Deutschlands ganzes Islam-Debakel,"In Berlin wirft ein Bezirksbürgermeister das Handtuch. Der Fall Martin Hikel und die SPD zeigt: Wer Migration oder Islamismus kritisiert, wer von «Clankriminalität» redet und den Begriff «antimuslimischer Rassismus» ablehnt, wird rausgemobbt.","https://img.nzz.ch/2025/11/28/1ab3fe08-b594-4c7a-a38d-e5c0580d7739.jpg?width=1200&height=675&fit=bounds&quality=75&auto=webp&crop=5472,3078,x0,y119&wmark=nzz",2025-12-01T04:35:00Z,http://web.archive.org/web/20251201112253/https://www.nzz.ch/feuilleton/in-neukoelln-zeigt-sich-deutschlands-ganzes-islam-debakel-ld.1913828,"In Berlin wirft ein Bezirksbürgermeister das Handtuch. Der Fall Martin Hikel und die SPD zeigt: Wer Migration oder Islamismus kritisiert, wer von «Clankriminalität» redet und den Begriff «antimuslimi… [+12496 chars]",,de,'Berlin'
https://www.autobild.de/artikel/porsche-cayenne-s-diesel-2013-gebrauchtwagen-angebot-28438269.html,https://www.autobild.de/artikel/porsche-cayenne-s-diesel-2013-gebrauchtwagen-angebot-28438269.html,0,www.autobild.de,Cayenne mit V8-Diesel für unter 20.000 Euro,"Bärenstarker Diesel, Topausstattung, edler Look: Der Porsche Cayenne S Diesel ist die eierlegende Wollmilchsau – und gebraucht günstiger als gedacht!",https://i.auto-bild.de/ir_img/4/0/1/8/5/5/1/Porsche-Cayenne-S-Diesel-2869-1440x810.jpg-bc14de01f837f97a.webp?impolicy=og_images,2025-12-01T05:00:00Z,,"PorscheCayenne
S Diesel V8/SPORT CHRONO/21 ZOLL/PANO",,de,'Cayenne'
https://www.n-tv.de/politik/Israel-meldet-Toetung-Dutzender-Hamas-Kaempfer-im-Gazastreifen-id30090234.html,https://www.n-tv.de/politik/Israel-meldet-Toetung-Dutzender-Hamas-Kaempfer-im-Gazastreifen-id30090234.html,0,www.n-tv.de,Bei Anti-Tunnel-Einsätzen: Israel meldet Tötung Dutzender Hamas-Kämpfer im Gazastreifen,Trotz des Waffenstillstands agiert Israel weiterhin offensiv im Gazastreifen gegen Hamas-Infrastruktur. Die Armee zerstört bei Einsätzen im Süden des Gebiets Tunnelsysteme der Terrororganisation und tötet dabei mindestens 40 ihrer Kämpfer.,https://www.n-tv.de/img/30090247/1764573556/Img_16_9/1200/Israeli-soldiers-work-on-tanks-at-a-staging-area-on-the-border-with-Gaza-Strip-in-southern-Israel-Wednesday-Oct-29-2025.jpg,2025-12-01T07:37:00Z,,"Israelische Panzer an der Grenze zum Gazastreifen. (Foto: picture alliance / ASSOCIATED PRESS)
Trotz des Waffenstillstands agiert Israel weiterhin offensiv im Gazastreifen gegen Hamas-Infrastruktur.… [+1720 chars]",,de,'Hamas'
https://www.welt.de/politik/deutschland/article6929d72be9b1296b9ef9727d/ukraine-hilfe-der-nato-zwei-prozent-der-streitkraefte-sind-fuer-30-bis-50-prozent-der-russischen-verluste-verantwortlich.html,https://www.welt.de/politik/deutschland/article6929d72be9b1296b9ef9727d/ukraine-hilfe-der-nato-zwei-prozent-der-streitkraefte-sind-fuer-30-bis-50-prozent-der-russischen-verluste-verantwortlich.html,0,www.welt.de,„Zwei Prozent der Streitkräfte sind für 30 bis 50 Prozent der russischen Verluste verantwortlich“,"Generalmajor Keller ist Vize-Kommandeur des Nato-Hauptquartiers, das die Versorgung der Ukraine mit Waffen und Militär-Ausbildung koordiniert. Er erklärt, wie es einem sehr kleinen Teil der ukrainischen Streitkräfte gelingt, den Russen erheblich zuzusetzen.",https://images.welt.de/6929d72be9b1296b9ef9727d/047f0ce9ee9f2dc9a9c8b0618655bd7c/ci16x9-w1200/549156935-jpg,2025-12-01T08:20:05Z,,"Generalmajor Keller ist Vize-Kommandeur des Nato-Hauptquartiers, das die Versorgung der Ukraine mit Waffen und Militär-Ausbildung koordiniert. Er erklärt, wie es einem sehr kleinen Teil der ukrainisc… [+14177 chars]",,de,'Australien'
https://www.welt.de/politik/ausland/video692d5a59392d5c38e385257e/einsaetze-in-tunneln-israel-meldet-toetung-dutzender-hamas-terroristen.html,https://www.welt.de/politik/ausland/video692d5a59392d5c38e385257e/einsaetze-in-tunneln-israel-meldet-toetung-dutzender-hamas-terroristen.html,0,www.welt.de,Israel meldet Tötung Dutzender Hamas-Terroristen,Die israelische Armee hat im Gaza-Streifen in der vergangenen Woche eigenen Angaben zufolge Dutzende Hamas-Terroristen getötet. Die Islamisten hatten sich in einem Tunnel in Rafah verschanzt.,https://images.welt.de/692d5a59392d5c38e385257e/ec48326a4b1df843a3d0b5f0c7b63813/ci16x9-w1200/dpa-com-20090101-251130-935-989613-jpg,2025-12-01T09:23:08Z,,Die WELT als ePaper: Die vollständige Ausgabe steht Ihnen bereits am Vorabend zur Verfügung so sind Sie immer hochaktuell informiert. Weitere Informationen https://epaper.welt.de,,de,'Hamas'
https://www.zeit.de/news/2025-12/01/nach-abgesagter-auktion-holocaust-zeugnisse-jetzt-in-israel,https://www.zeit.de/news/2025-12/01/nach-abgesagter-auktion-holocaust-zeugnisse-jetzt-in-israel,0,www.zeit.de,Abgesagte Auktion: Nach abgesagter Auktion: Holocaust-Zeugnisse jetzt in Israel,Hier finden Sie Informationen zu dem Thema „Abgesagte Auktion“. Lesen Sie jetzt „Nach abgesagter Auktion: Holocaust-Zeugnisse jetzt in Israel“.,https://img.zeit.de/news/2025-12/01/nach-abgesagter-auktion-holocaust-zeugnisse-jetzt-in-israel-image-group/wide__1300x731,2025-12-01T11:10:01Z,,"Einige Zeugnisse des Holocaust, deren geplante Versteigerung in Deutschland für Empörung gesorgt hatte, sind inzwischen laut einem Medienbericht in Israel angekommen. Sie seien von einer Stiftung in … [+2180 chars]",,de,'Israel'
https://www.faz.net/aktuell/gesellschaft/ungluecke/flutkatastrophe-in-asien-mehr-als-1000-tote-110794952.html,https://www.faz.net/aktuell/gesellschaft/ungluecke/flutkatastrophe-in-asien-mehr-als-1000-tote-110794952.html,0,www.faz.net,Flutkatastrophe nach Zyklon: Mehr als 1000 Tote nach Überschwemmungen in Asien,"In Indonesien, Sri Lanka und Thailand werden nach den schweren Unwettern noch zahlreiche Menschen vermisst. Indonesiens Präsident verweist auf den Klimawandel als einen Grund für die Katastrophe.",https://media0.faz.net/image/w1200h627/c3946922f3aa/w3000h1567x0y216o/202512/43601.0.1539590656/die-flut-hat-nur-truemmer.webp,2025-12-01T11:53:16Z,,"Nach schweren Stürmen, Erdrutschen und Überschwemmungen in Asien ist die Zahl der Todesopfer auf mehr als 1000 gestiegen. Die Zahl der Toten könnte noch weiter steigen, da manche Flutgebiete noch von… [+2739 chars]",,de,'Indonesien'
https://www.zeit.de/news/2025-12/01/tschechien-verschaerft-regeln-fuer-feuerwerk,https://www.zeit.de/news/2025-12/01/tschechien-verschaerft-regeln-fuer-feuerwerk,0,www.zeit.de,Neue Verbotszonen: Tschechien verschärft Regeln für Feuerwerk,Hier finden Sie Informationen zu dem Thema „Neue Verbotszonen“. Lesen Sie jetzt „Tschechien verschärft Regeln für Feuerwerk“.,https://img.zeit.de/news/2025-12/01/tschechien-verschaerft-regeln-fuer-feuerwerk-image-group/wide__1300x731,2025-12-01T12:24:22Z,,Rechtzeitig vor Silvester hat Tschechien die Regeln für den Verkauf und Gebrauch von Böllern und Raketen deutlich verschärft. In dem deutschen Nachbarland trat am Montag ein entsprechendes Gesetz in … [+1377 chars],,de,'Tschechien'
https://www.faz.net/aktuell/politik/ukraine/friedensverhandlungen-sicherheitsgarantien-fuer-ukraine-als-knackpunkt-110795273.html,https://www.faz.net/aktuell/politik/ukraine/friedensverhandlungen-sicherheitsgarantien-fuer-ukraine-als-knackpunkt-110795273.html,0,www.faz.net,Friedensverhandlungen: Sicherheitsgarantien werden zum Knackpunkt,"Vor der nächsten Verhandlungsrunde in Moskau berät sich der ukrainische Präsident in Paris. Die USA zeigen sich bereit, Sicherheitsgarantien auszuarbeiten.",https://media0.faz.net/image/w1200h627/9d7a2385db2c/w3000h1567x0y71o/122025/1.10795265/wichtiger-partner-macron-mit.webp,2025-12-01T17:30:54Z,,Inmitten schwieriger Verhandlungen über ein Ende des russischen Angriffskrieges haben der ukrainische Präsident Wolodymyr Selenskyj und der französische Präsident Emmanuel Macron am Montag in Paris ü… [+5215 chars],,de,'Paris'
https://www.n-tv.de/wissen/Gigantischer-Hai-vor-115-Millionen-Jahren-bei-Australien-entdeckt-id30093342.html,https://www.n-tv.de/wissen/Gigantischer-Hai-vor-115-Millionen-Jahren-bei-Australien-entdeckt-id30093342.html,0,www.n-tv.de,Gigantische Wirbel entdeckt: Riesenhaie gibt es wohl schon länger als gedacht,"Gigantische Haie haben sich offenbar bereits früh entwickelt: Ein neuer Fund in Australien beweist die Existenz eines riesigen Exemplars, das offenbar schon vor 115 Millionen Jahren lebte - und den heutigen Weißen Hai an Länge übertrumpfte.",https://www.n-tv.de/img/30093365/1764609541/Img_16_9/1200/Darwin Formation giant shark_Pollyanna von Knorring.jpg,2025-12-01T18:11:29Z,http://web.archive.org/web/20251203074330/https://www.n-tv.de/wissen/Gigantischer-Hai-vor-115-Millionen-Jahren-bei-Australien-entdeckt-id30093342.html,"Gigantische Wirbel entdecktRiesenhaie gibt es wohl schon länger als gedacht
Die Illustration zeigt, wie sich vor 115 Millionen Jahren Riesenhaie und große Meeresreptilien den Lebensraum Meer teilten… [+2368 chars]",,de,'Australien'
https://www.jungewelt.de/artikel/513332.klimawandel-blockade-der-industriestaaten.html,https://www.jungewelt.de/artikel/513332.klimawandel-blockade-der-industriestaaten.html,0,www.jungewelt.de,Klimawandel: Blockade der Industriestaaten,"Lobbyismus, Klimahandel, Hinhalten: Die COP 30 in Brasilien ist zu Ende • Foto: Adriano Machado/REUTERS",https://www.jungewelt.de/img/1100/216293.jpg,2025-12-01T18:39:02Z,,"Eines der Ergebnisse der diesjährigen UN-Klimakonferenz, die im November im brasilianischen Belém tagte, ist sicherlich, dass die Fronten klarer denn je sind. Die USA scheinen vom hinhaltenden Widers… [+5527 chars]",,de,'Brasilien'
https://www.morgenpost.de/panorama/article410593692/tesla-autopilot-in-deutschland-vollbremsung-wegen-laub.html,https://www.morgenpost.de/panorama/article410593692/tesla-autopilot-in-deutschland-vollbremsung-wegen-laub.html,0,www.morgenpost.de,Tesla Autopilot: Notbremsung wegen ein paar Blättern,Ab 1. Dezember 2025 startet Teslas Autopilot in Deutschland – doch in den USA zeigt sich: Schon Herbstlaub kann ihn ausbremsen.,https://img.sparknews.funkemedien.de/403300632/403300632_1684601777_v16_9_1600.jpeg,2025-12-01T20:55:00Z,,"Tesla-Chef Elon Musk verspricht seit mehr als einem Jahrzehnt, seine Autos würden demnächst ganz ohne menschliches Eingreifen fahren. Tatsächlich sind Teslas mit dem Modus Full Self-Driving (FSD) heu… [+5891 chars]",,de,'Deutschland'
https://www.zeit.de/news/2025-12/02/fluten-in-indonesien-zahl-der-toten-steigt-auf-mehr-als-600,https://www.zeit.de/news/2025-12/02/fluten-in-indonesien-zahl-der-toten-steigt-auf-mehr-als-600,0,www.zeit.de,Katastrophe auf Sumatra: Fluten in Indonesien: Zahl der Toten steigt auf mehr als 600,Hier finden Sie Informationen zu dem Thema „Katastrophe auf Sumatra“. Lesen Sie jetzt „Fluten in Indonesien: Zahl der Toten steigt auf mehr als 600“.,https://img.zeit.de/news/2025-12/02/fluten-in-indonesien-zahl-der-toten-steigt-auf-mehr-als-600-image-group/wide__1300x731,2025-12-02T02:43:52Z,,Auf der indonesischen Insel Sumatra steigt die Zahl der Opfer nach der schweren Flutkatastrophe weiter. Nach Angaben des Katastrophenschutzes wurden mittlerweile mehr als 600 Todesopfer infolge der s… [+1176 chars],,de,'Jakarta'
https://www.stern.de/panorama/katastrophe-auf-sumatra--fluten-in-indonesien--zahl-der-toten-steigt-auf-mehr-als-600-36917566.html,https://www.stern.de/panorama/katastrophe-auf-sumatra--fluten-in-indonesien--zahl-der-toten-steigt-auf-mehr-als-600-36917566.html,0,www.stern.de,Katastrophe auf Sumatra: Fluten in Indonesien: Zahl der Toten steigt auf mehr als 600,Immer mehr Tote und Vermisste: Die Ausmaße der verheerenden Überschwemmungen und Erdrutsche auf Sumatra werden erst langsam deutlich. Viele Ortschaften sind weiter isoliert.,https://image.stern.de/36917568/t/ku/v1/w1440/r1.7778/-/02--4ipb4jnqq6v20axs2048jpeg---687918863eb84c70.jpg,2025-12-02T02:43:52Z,,"Kopiere den aktuellen Link
Zur Merkliste hinzufügen
Immer mehr Tote und Vermisste: Die Ausmaße der verheerenden Überschwemmungen und Erdrutsche auf Sumatra werden erst langsam deutlich. Viele Ortsc… [+1365 chars]",,de,'Indonesien'
https://www.tagesspiegel.de/gesellschaft/panorama/katastrophe-auf-sumatra-fluten-in-indonesien-zahl-der-toten-steigt-auf-mehr-als-600-15003691.html,https://www.tagesspiegel.de/gesellschaft/panorama/katastrophe-auf-sumatra-fluten-in-indonesien-zahl-der-toten-steigt-auf-mehr-als-600-15003691.html,0,www.tagesspiegel.de,Katastrophe auf Sumatra: Fluten in Indonesien: Zahl der Toten steigt auf mehr als 600,Immer mehr Tote und Vermisste: Die Ausmaße der verheerenden Überschwemmungen und Erdrutsche auf Sumatra werden erst langsam deutlich. Viele Ortschaften sind weiter isoliert.,https://www.tagesspiegel.de/images/15003690/alternates/BASE_16_9_W1400/1764643542000/uberschwemmungen-in-indonesien.jpeg,2025-12-02T02:45:43Z,,Auf der indonesischen Insel Sumatra steigt die Zahl der Opfer nach der schweren Flutkatastrophe weiter. Nach Angaben des Katastrophenschutzes wurden mittlerweile mehr als 600 Todesopfer infolge der s… [+1232 chars],,de,'Jakarta'
https://www.welt.de/sport/fussball/article692db155392d5c38e3852f0f/fussball-wm-auslosung-hammergruppe-oder-leichtes-los-fuer-deutschland-ist-alles-moeglich.html,https://www.welt.de/sport/fussball/article692db155392d5c38e3852f0f/fussball-wm-auslosung-hammergruppe-oder-leichtes-los-fuer-deutschland-ist-alles-moeglich.html,0,www.welt.de,Hammer mit Haaland oder leichtes Los mit Haiti? Für Deutschland ist alles möglich,"Am Freitag entscheidet sich, auf wen die deutsche Fußball-Nationalmannschaft in der Gruppenphase der WM trifft. Etwas anderes hingegen wird erst danach festgelegt. Vor der Auslosung in Washington spielt auch Donald Trump eine Rolle.",https://images.welt.de/692db155392d5c38e3852f0f/ae6981f30615d5eec5d255ddca86baa1/ci16x9-w1200/dpa-com-20090101-251201-935-991207-jpg,2025-12-02T06:12:48Z,,"Am Freitag entscheidet sich, auf wen die deutsche Fußball-Nationalmannschaft in der Gruppenphase der WM trifft. Etwas anderes hingegen wird erst danach festgelegt. Vor der Auslosung in Washington spi… [+6622 chars]",,de,'Australien'
https://www.tagesspiegel.de/sport/vergabe-durch-uefa-grosse-hoffnung-aber-auch-bangen-dfb-will-frauen-em-2029-15004091.html,https://www.tagesspiegel.de/sport/vergabe-durch-uefa-grosse-hoffnung-aber-auch-bangen-dfb-will-frauen-em-2029-15004091.html,0,www.tagesspiegel.de,"Vergabe durch UEFA: Große Hoffnung, aber auch Bangen: DFB will Frauen-EM 2029",Das bislang letzte große Frauenfußball-Turnier in Deutschland war die WM vor 14 Jahren. Nun hofft der DFB auf den Zuschlag für die Europameisterschaft 2029 - die Konkurrenz ist groß.,,2025-12-02T06:21:59Z,,Beim Werben um die Frauen-Weltmeisterschaft 2027 setzte es für den Deutschen Fußball-Bund im vergangenen Jahr noch eine deutliche Niederlage. Nun soll die Europameisterschaft 2029 das nächste große F… [+4899 chars],,de,'Deutschland'
https://www.stern.de/politik/ausland/australien--15-jaehriger-klagt-gegen-social-media-verbot-fuer-teenager-36917996.html,https://www.stern.de/politik/ausland/australien--15-jaehriger-klagt-gegen-social-media-verbot-fuer-teenager-36917996.html,0,www.stern.de,Australien: 15-Jähriger klagt gegen Social-Media-Verbot für Teenager,Im Zuge des Jugendschutzes geht Australien einen strikten Weg: Das Land verbietet Soziale Netzwerke ab kommender Woche für Teenager. Doch einer von ihnen wehrt sich nun.,https://image.stern.de/36918008/t/pR/v1/w1440/r1.7778/-/australien-social.jpg,2025-12-02T06:31:00Z,,"Kopiere den aktuellen Link
Zur Merkliste hinzufügen
Im Zuge des Jugendschutzes geht Australien einen strikten Weg: Das Land verbietet Soziale Netzwerke ab kommender Woche für Teenager. Doch einer v… [+1572 chars]",,de,'Australien'
https://www.welt.de/sport/olympia/article692d55b92ec9cebc900ed703/michael-mronz-sport-ist-eine-der-wichtigsten-sozialen-achsen-unserer-gesellschaft.html,https://www.welt.de/sport/olympia/article692d55b92ec9cebc900ed703/michael-mronz-sport-ist-eine-der-wichtigsten-sozialen-achsen-unserer-gesellschaft.html,0,www.welt.de,„Sport ist eine der wichtigsten sozialen Achsen unserer Gesellschaft“,"Deutschland plant eine neue Bewerbung um Olympische und Paralympische Spiele. Wie sind die Chancen und warum eigentlich nicht Olympia in ganz Deutschland? Ein Gespräch mit IOC-Mitglied Michael Mronz, der zudem die Version des Sportfördergesetzes kritisiert.",https://images.welt.de/692d55b92ec9cebc900ed703/738911cf871b0b7a8552d49bbcf20e2f-master/ci16x9-w1200/550623098-jpg,2025-12-02T07:08:00Z,,"Deutschland plant eine neue Bewerbung um Olympische und Paralympische Spiele. Wie sind die Chancen und warum eigentlich nicht Olympia in ganz Deutschland? Ein Gespräch mit IOC-Mitglied Michael Mronz,… [+11136 chars]",,de,'Deutschland'
https://www.faz.net/aktuell/politik/ausland/suedostasien-extremisten-rekrutieren-ueber-online-games-110795078.html,https://www.faz.net/aktuell/politik/ausland/suedostasien-extremisten-rekrutieren-ueber-online-games-110795078.html,0,www.faz.net,Südostasien: So nutzen Extremisten Gaming-Plattformen zur Rekrutierung,Nach einem Anschlag in Indonesien geraten Onlinespiele in den Fokus. Bei der Radikalisierung in Spielchats mischen sich rechtsradikale Ideen mit Islamismus und Frauenfeindlichkeit.,https://media0.faz.net/image/w1200h627/c50e625b0253/w3000h1567x0y60o/112025/1.10795075/mit-neonazi-codes-indonesische.webp,2025-12-02T07:19:54Z,,"Kurz vor Beginn des Freitagsgebets erschütterte eine erste Explosion eine Moschee, die zu einer Schule in der indonesischen Hauptstadt Jakarta gehört. Ein zweiter Sprengsatz folgte etwas später in de… [+5351 chars]",,de,'Indonesien'
https://www.welt.de/sport/fussball/article692e941d46f39b6230ff7d99/donald-trump-bekommt-er-den-friedenspreis-us-praesident-wird-an-wm-auslosung-teilnehmen.html,https://www.welt.de/sport/fussball/article692e941d46f39b6230ff7d99/donald-trump-bekommt-er-den-friedenspreis-us-praesident-wird-an-wm-auslosung-teilnehmen.html,0,www.welt.de,Bekommt er den Friedenspreis? Trump wird an WM-Auslosung teilnehmen,Bei der Auslosung der WM-Gruppen am Freitag ist für Bundestrainer Nagelsmann alles möglich. Ein Hammer mit Haaland oder ein leichtes Los mit Haiti? Vor der Show in Washington spielt auch Trump eine Rolle. Die Frage ist: Wird er nur Gast sein oder eine der Hau…,https://images.welt.de/692e941d46f39b6230ff7d99/605cc20975f758674e7aab2845d9ace4/ci16x9-w1200/000-729g4x9-jpg,2025-12-02T08:37:45Z,,Bei der Auslosung der WM-Gruppen am Freitag ist für Bundestrainer Nagelsmann alles möglich. Ein Hammer mit Haaland oder ein leichtes Los mit Haiti? Vor der Show in Washington spielt auch Trump eine R… [+4156 chars],,de,'Haiti'
https://www.welt.de/sport/fussball/article692e998c1b3201955317e44d/dfb-deutschland-hofft-auf-das-naechste-fussball-fest-so-stehen-die-chancen-auf-die-em-2029.html,https://www.welt.de/sport/fussball/article692e998c1b3201955317e44d/dfb-deutschland-hofft-auf-das-naechste-fussball-fest-so-stehen-die-chancen-auf-die-em-2029.html,0,www.welt.de,Deutschland hofft auf das nächste Fußball-Fest – So stehen die Chancen auf die EM,"Das bislang letzte große Frauenfußball-Turnier in Deutschland war die WM vor 14 Jahren. Nun hofft der DFB auf den Zuschlag für die Europameisterschaft 2029 – die Konkurrenz ist allerdings groß. Intern wird davor gewarnt, besonders einen Bewerber zu unterschät…",https://images.welt.de/692e998c1b3201955317e44d/97ba8ccdfe42b57f6f5979f82e159502/ci16x9-w1200/18343009-jpg,2025-12-02T10:28:56Z,,Beim Werben um die Frauen-Weltmeisterschaft 2027 setzte es für den Deutschen Fußball-Bund im vergangenen Jahr noch eine deutliche Niederlage. Nun soll die Europameisterschaft 2029 das nächste große F… [+4799 chars],,de,'Deutschland'
https://www.zeit.de/news/2025-12/02/berlin-bestaetigt-interesse-an-weltklasse-spieler-dika-mem,https://www.zeit.de/news/2025-12/02/berlin-bestaetigt-interesse-an-weltklasse-spieler-dika-mem,0,www.zeit.de,Handball: Berlin bestätigt Interesse an Weltklasse-Spieler Dika Mem,Hier finden Sie Informationen zu dem Thema „Handball“. Lesen Sie jetzt „Berlin bestätigt Interesse an Weltklasse-Spieler Dika Mem“.,https://img.zeit.de/news/2025-12/02/berlin-bestaetigt-interesse-an-weltklasse-spieler-dika-mem-image-group/wide__1300x731,2025-12-02T11:37:21Z,,"Nachdem in den letzten Wochen die Gerüchteküche über einen möglichen Wechsel von Weltklasse-Handballer Dika Mem zu den Füchsen Berlin brodelte, hat der deutsche Meister nun sein Interesse an dem 28-j… [+1983 chars]",,de,'Berlin'
https://www.diepresse.com/20367259/oesterreich-kann-sich-sein-veto-gegen-mercosur-nicht-laenger-leisten,https://www.diepresse.com/20367259/oesterreich-kann-sich-sein-veto-gegen-mercosur-nicht-laenger-leisten,0,www.diepresse.com,Österreich kann sich sein Veto gegen Mercosur nicht länger leisten [premium],"Europas schwächelnde Wirtschaft braucht den umstrittenen Freihandelspakt mit Südamerika, sagt Wifo-Chef Gabriel Felbermayr. Österreich müsse – trotz aller Sorgen der Bauern – den Weg frei machen.",https://img.diepresse.com/public/incoming/ew7h97-imago-images-0780186967/alternates/DPR_SOCIAL_NACHRICHTEN/imago%20images%200780186967,2025-12-02T12:16:22Z,,Auf dem Papier ist die Sache ganz simpel: Die EU schließt kurz vor Weihnachten endlich das lang verhandelte Freihandelsabkommen mit dem südamerikanischen Staatenverbund Mercosur (Mercado Común del Su… [+4597 chars],,de,'Uruguay'
https://www.waz.de/sport/article410601848/live-handball-wm-der-frauen-in-dortmund-deutschland-heute-gegen-wm-zwerg-faeroeer.html,https://www.waz.de/sport/article410601848/live-handball-wm-der-frauen-in-dortmund-deutschland-heute-gegen-wm-zwerg-faeroeer.html,0,www.waz.de,Live! Handball-WM der Frauen in Dortmund: Deutschland heute gegen WM-Zwerg Färöer,Die WM-Mission geht in Dortmund weiter: Die deutschen Handballerinnen treffen im ersten Hauptrundenspiel in der Westfalenhalle auf die Färöer. Das Spiel im Ticker.,https://img.sparknews.funkemedien.de/410601298/410601298_1764671333_v16_9_1600.jpeg,2025-12-02T13:45:00Z,,"Drei Spiele, drei Siege: Mit dieser Bilanz sind die deutschen Handballerinnen in die Hauptrunde der Heim-WM, die gemeinsam mit Co-Gastgeber Niederlande ausgetragen wird, eingezogen. In ihrer Gruppe b… [+2898 chars]",,de,'Uruguay'
https://de.catholicnewsagency.com/news/22411/papst-leo-mit-blick-auf-deutschen-synodalen-weg-zuversichtlich,https://de.catholicnewsagency.com/news/22411/papst-leo-mit-blick-auf-deutschen-synodalen-weg-zuversichtlich,0,de.catholicnewsagency.com,Papst Leo mit Blick auf deutschen Synodalen Weg „zuversichtlich“,"Papst Leo XIV. hat sich auf dem Rückflug von Beirut nach Rom mit Blick auf den deutschen Synodalen Weg „zuversichtlich“ gezeigt. Die Päpste beantworten auf ihren Flugreisen in alle Welt gewöhnlich ausgewählte Fragen von mitreisenden Journalisten.
Papst Leo sa…",https://de.catholicnewsagency.com/image/_ris2379_1764701617.JPG?w=1150&jpg,2025-12-03T06:00:00Z,,"Vatikanstadt -
 Mittwoch, 3. Dezember 2025, 7:00 Uhr.
Papst Leo XIV. hat sich auf dem Rückflug von Beirut nach Rom mit Blick auf den deutschen Synodalen Weg zuversichtlich gezeigt. Die Päpste beant… [+5625 chars]",,de,'Uruguay'
https://www.stern.de/sport/fussball-nationalmannschaft--nagelsmann-vor-wm-auslosung---kribbeln-im-koerper--36922228.html,https://www.stern.de/sport/fussball-nationalmannschaft--nagelsmann-vor-wm-auslosung---kribbeln-im-koerper--36922228.html,0,www.stern.de,"Fußball-Nationalmannschaft: Nagelsmann vor WM-Auslosung: ""Kribbeln im Körper""",Die WM-Auslosung bringt maximale Spannung: Deutschland trifft in der Vorrunde zwar nicht auf eine Top-Nation. Aber der Turnierweg hat viele große Herausforderungen. Das spürt auch der Bundestrainer.,https://image.stern.de/36922230/t/Jr/v1/w1440/r1.7778/-/03--hdt56sm4ezv5axs2048jpeg---3d2848851024d765.jpg,2025-12-03T06:00:06Z,,"Kopiere den aktuellen Link
Zur Merkliste hinzufügen
Die WM-Auslosung bringt maximale Spannung: Deutschland trifft in der Vorrunde zwar nicht auf eine Top-Nation. Aber der Turnierweg hat viele große… [+2873 chars]",,de,'Uruguay'
https://www.tagesspiegel.de/sport/fussball-nationalmannschaft-nagelsmann-vor-wm-auslosung-kribbeln-im-korper-15009508.html,https://www.tagesspiegel.de/sport/fussball-nationalmannschaft-nagelsmann-vor-wm-auslosung-kribbeln-im-korper-15009508.html,0,www.tagesspiegel.de,Fußball-Nationalmannschaft: Nagelsmann vor WM-Auslosung: „Kribbeln im Körper“,Die WM-Auslosung bringt maximale Spannung: Deutschland trifft in der Vorrunde zwar nicht auf eine Top-Nation. Aber der Turnierweg hat viele große Herausforderungen. Das spürt auch der Bundestrainer.,https://www.tagesspiegel.de/images/15009507/alternates/BASE_16_9_W1400/1764741680000/fu-ball-nationalmannschaft.jpeg,2025-12-03T06:01:21Z,,"Vor dem Abflug zur Gruppenauslosung nach Washington wächst auch bei Julian Nagelsmann die WM-Anspannung. Man spürt das Kribbeln im Körper, die Vorfreude steigt und wir können auf allen Ebenen voll in… [+3380 chars]",,de,'Deutschland'
https://www.n-tv.de/sport/fussball/Heidi-Klum-feiert-ueberraschendes-Comeback-id30099063.html,https://www.n-tv.de/sport/fussball/Heidi-Klum-feiert-ueberraschendes-Comeback-id30099063.html,0,www.n-tv.de,Protagonistin bei WM-Auslosung: Heidi Klum feiert überraschendes Comeback,Die Gruppen-Auslosung zur Fußball-WM im kommenden Jahr bringt maximale Spannung: Deutschland trifft in der Vorrunde zwar nicht auf eine Top-Nation. Aber der Turnierweg hat viele große Herausforderungen. Das spürt auch der Bundestrainer.,https://www.n-tv.de/img/30099155/1764751248/Img_16_9/1200/Supermodel-Heidi-Klum-wird-die-Auslosung-zur-Endrunde-der-Fussball-WM-2026-moderieren.jpg,2025-12-03T07:45:00Z,,"Protagonistin bei WM-AuslosungHeidi Klum feiert überraschendes Comeback
Supermodel Heidi Klum wird die Auslosung zur Endrunde der Fußball-WM 2026 moderieren. 
Die Gruppen-Auslosung zur Fußball-WM i… [+3691 chars]",,de,'Deutschland'
https://www.tagesspiegel.de/sport/fussball-nationalmannschaft-neun-wege-zum-gluck-nagelsmanns-kribbeln-vor-wm-los-15014899.html,https://www.tagesspiegel.de/sport/fussball-nationalmannschaft-neun-wege-zum-gluck-nagelsmanns-kribbeln-vor-wm-los-15014899.html,0,www.tagesspiegel.de,Fußball-Nationalmannschaft: Neun Wege zum Glück: Nagelsmanns „Kribbeln“ vor WM-Los,Julian Nagelsmann hat seinen amerikanischen Traum. Bei der WM soll im kommenden Sommer Großes gelingen. Zur Gruppenauslosung reist der Bundestrainer mit ganz speziellen Gefühlen nach Washington.,https://www.tagesspiegel.de/images/15015473/alternates/BASE_16_9_W1400/1764839491000/wm-auslosung.jpeg,2025-12-04T05:46:06Z,,"Der Blick auf die Wetterkarte für Washington sollte Julian Nagelsmann beunruhigen. Droht ihm etwa zur großen WM-Show mit US-Präsident Donald Trump, Supermodel Heidi Klum und dem Losfee-Quartett um To… [+6154 chars]",,de,'Washington'
https://www.stern.de/sport/fussball-nationalmannschaft--neun-wege-zum-glueck--nagelsmanns--kribbeln--vor-wm-los-36926314.html,https://www.stern.de/sport/fussball-nationalmannschaft--neun-wege-zum-glueck--nagelsmanns--kribbeln--vor-wm-los-36926314.html,0,www.stern.de,"Fußball-Nationalmannschaft: Neun Wege zum Glück: Nagelsmanns ""Kribbeln"" vor WM-Los",Julian Nagelsmann hat seinen amerikanischen Traum. Bei der WM soll im kommenden Sommer Großes gelingen. Zur Gruppenauslosung reist der Bundestrainer mit ganz speziellen Gefühlen nach Washington.,https://image.stern.de/36927082/t/qc/v1/w1440/r1.7778/-/04--hnva65wp63v4axs2048jpeg---8ab305a512977ec8.jpg,2025-12-04T09:10:13Z,,"Kopiere den aktuellen Link
Zur Merkliste hinzufügen
Julian Nagelsmann hat seinen amerikanischen Traum. Bei der WM soll im kommenden Sommer Großes gelingen. Zur Gruppenauslosung reist der Bundestrai… [+5649 chars]",,de,'Uruguay'
https://www.tagesspiegel.de/sport/fifa-zeremonie-die-lostopfe-fur-die-fussball-wm-2026-15017359.html,https://www.tagesspiegel.de/sport/fifa-zeremonie-die-lostopfe-fur-die-fussball-wm-2026-15017359.html,0,www.tagesspiegel.de,FIFA-Zeremonie: Die Lostöpfe für die Fußball-WM 2026,Welche Teams treffen bei der Fußball-WM 2026 in der Vorrunde aufeinander – und warum gibt es bei Europa eine Ausnahme? Ein Blick auf die Lostöpfe für die FIFA-Gala in Washington.,https://www.tagesspiegel.de/images/15017358/alternates/BASE_16_9_W1400/1764851880000/fu-ball-wm.jpeg,2025-12-04T12:27:14Z,,"Bei der Auslosung der Vorrundengruppen für die Fußball-WM 2026 sind die 42 bislang qualifizierten Teams nach ihrer Weltranglistenposition in vier Töpfe eingeteilt. Den drei Gastgebern USA, Mexiko und… [+1538 chars]",,de,'Washington'
https://www.nzz.ch/international/ueber-800-tote-durch-fluten-indonesiens-regierung-in-bedraengnis-ld.1914954,https://www.nzz.ch/international/ueber-800-tote-durch-fluten-indonesiens-regierung-in-bedraengnis-ld.1914954,0,www.nzz.ch,Die Fluten in Indonesien bringen die Regierung in Bedrängnis,"Der Präsident Prabowo Subianto weigert sich, den Notstand auszurufen. Er ist nicht der einzige Staatschef in der Region, der nach dem Regen unter Druck gerät.","https://img.nzz.ch/2025/12/04/4421bfe7-fea8-4606-ad82-2731dfa992a2.jpg?width=1200&height=675&fit=bounds&quality=75&auto=webp&crop=6389,3594,x0,y10&wmark=nzz",2025-12-04T13:00:00Z,,"Der Präsident Prabowo Subianto weigert sich, den Notstand auszurufen. Er ist nicht der einzige Staatschef in der Region, der nach dem Regen unter Druck gerät.
Männer begutachten angeschwemmtes Holz … [+5221 chars]",,de,'Indonesien'
https://sport.orf.at/stories/3148517/,https://sport.orf.at/stories/3148517/,0,sport.orf.at,Wie die WM-Auslosung in den USA abläuft,"Am Freitag (ab 17.25 Uhr, live in ORF1) ist es so weit: In der US-Hauptstadt Washington erfährt Österreichs Fußballnationalteam der Herren bei der Auslosung in Washington seine Gegner in der Gruppenphase der Weltmeisterschaft 2026 in den USA, Kanada und Mexik…",https://ibs.orf.at/sport?image=https%3A%2F%2Fassets.orf.at%2Fmims%2F2025%2F49%2F34%2Fcrops%2Fw%3D1200%2Ch%3D630%2Cq%3D75%2F2855826_master_1102834_fus_wm_2026_auslosung_wissenswertes17_im.jpg%3Fs%3D706805be7f782611f5cf9f4fc81a71cd902c2fac,2025-12-04T13:30:39Z,,"Modus: Erstmals in der WM-Historie seit 1930 nehmen 48 (statt wie etwa zuletzt 32) Mannschaften an der Endrunde teil, damit wird es am Ende eine Rekordanzahl von 104 Spielen geben. Bei der Auslosung … [+5762 chars]",,de,'USA'
https://www.stern.de/sport/fussball/wm-auslosung--die-schwerste-und-leichteste-gruppe-fuer-deutschland-36926988.html,https://www.stern.de/sport/fussball/wm-auslosung--die-schwerste-und-leichteste-gruppe-fuer-deutschland-36926988.html,0,www.stern.de,WM-Auslosung: Hammergruppe oder leichtes Los? Das könnte Deutschland in der Vorrunde erwarten,Gegen wen spielt die deutsche Nationalmannschaft in der WM-Vorrunde? Diese Frage wird bei der Auslosung in Washington beantwortet. Wir haben ein paar Szenarien durchgespielt.,https://image.stern.de/36926998/t/O9/v1/w1440/r1.7778/-/wm-auslosung-julian-nagelsmann.jpg,2025-12-04T13:32:00Z,,"Kopiere den aktuellen Link
Zur Merkliste hinzufügen
Gegen wen spielt die deutsche Nationalmannschaft in der WM-Vorrunde? Diese Frage wird bei der Auslosung in Washington beantwortet. Wir haben ein … [+4319 chars]",,de,'Uruguay'
https://www.stern.de/sport/fussball/wm-auslosung--regeln--ablauf-und-stargaeste-in-washington-36928408.html,https://www.stern.de/sport/fussball/wm-auslosung--regeln--ablauf-und-stargaeste-in-washington-36928408.html,0,www.stern.de,"Fußball-Weltmeisterschaft: Stars, Trump und Töpfe: So läuft die WM-Auslosung",In Washington findet die Auslosung der WM-Gruppen statt. Neben der Fußball-Prominenz sind auch Heidi Klum und Donald Trump dabei. Die wichtigsten Fragen und Antworten.,https://image.stern.de/36928840/t/N1/v1/w1440/r1.7778/-/wm-auslosung-foto.jpg,2025-12-04T14:43:00Z,,"Kopiere den aktuellen Link
Zur Merkliste hinzufügen
In Washington findet die Auslosung der WM-Gruppen statt. Neben der Fußball-Prominenz sind auch Heidi Klum und Donald Trump dabei. Die wichtigsten… [+4043 chars]",,de,'Washington'
https://www.bild.de/leben-wissen/reisen/touristenmangel-weltweit-diese-laender-wuenschen-sich-mehr-besucher-69304cb711f914c89b851b2b,https://www.bild.de/leben-wissen/reisen/touristenmangel-weltweit-diese-laender-wuenschen-sich-mehr-besucher-69304cb711f914c89b851b2b,0,www.bild.de,"Madagaskar bis Bhutan - Orte, wo Touristen nicht stören, sondern fehlen","Fodor’s Liste mit Orten, die nachhaltigen Tourismus aktiv fördern – von Palau bis zur japanischen Küste.","https://images.bild.de/69304cb711f914c89b851b2b/1e11ed7fa5400abf84dad107d65db655-landscape,f2d2e2c4?w=1280",2025-12-04T15:58:39Z,,"TTS-Player überspringenArtikel weiterlesenTouristenmassen nerven! In Venedig, Barcelona oder auf Bali gelten Reisende inzwischen zunehmend als Belastung. Doch es gibt auch das Gegenteil: Orte, die si… [+4140 chars]",,de,'Bhutan'
https://www.sueddeutsche.de/sport/fifa-fussball-wm-2026-auslosung-li.3349099,https://www.sueddeutsche.de/sport/fifa-fussball-wm-2026-auslosung-li.3349099,0,www.sueddeutsche.de,"Fragen und Antworten zur WM-Auslosung: Klum moderiert, Deutschland grübelt",Welche Gegner kann das DFB-Team ziehen? Warum machen Platzhalterlose das Prozedere so kompliziert? Was kosten die Tickets? Die wichtigsten Fragen und Antworten zur WM-Auslosung.,https://www.sueddeutsche.de/2025/12/04/52b29239-1f0e-42c9-8b1e-15d853e6a21c.jpg?q=60&fm=webp&width=1200&rect=0%2C193%2C3744%2C2106,2025-12-04T16:06:31Z,,"Was erwartet die deutsche Nationalmannschaft?
Das DFB-Team befindet sich wieder in Lostopf eins, ein gar nicht mal so nebensächlicher Fakt. Denn bei der WM 2022 in Katar war das nicht der Fall, prom… [+7075 chars]",,de,'Uruguay'
https://www.zeit.de/news/2025-12/04/weg-frei-fuer-babis-als-regierungschef-in-tschechien,https://www.zeit.de/news/2025-12/04/weg-frei-fuer-babis-als-regierungschef-in-tschechien,0,www.zeit.de,Neue rechte Koalition: Weg frei für Babis als Regierungschef in Tschechien,Hier finden Sie Informationen zu dem Thema „Neue rechte Koalition“. Lesen Sie jetzt „Weg frei für Babis als Regierungschef in Tschechien“.,https://img.zeit.de/news/2025-12/04/weg-frei-fuer-babis-als-regierungschef-in-tschechien-image-group/wide__1300x731,2025-12-04T20:56:41Z,,"Zwei Monate nach der Parlamentswahl ist in Tschechien der Weg frei für eine neue Regierung. Nach längerem Zögern hat sich Präsident Petr Pavel bereiterklärt, den rechtspopulistischen Wahlsieger und M… [+1410 chars]",,de,'Tschechien'
https://www.zeit.de/mobilitaet/2025-11/bahnverkehr-spanien-zuege-hochgeschwindigkeitsstrecke-schienennetz,https://www.zeit.de/mobilitaet/2025-11/bahnverkehr-spanien-zuege-hochgeschwindigkeitsstrecke-schienennetz,0,www.zeit.de,"Bahnverkehr in Spanien: So schnell wie China, fast so pünktlich wie die Schweiz",Mit 350 Kilometern pro Stunde sollen bald Hochgeschwindigkeitszüge von Madrid nach Barcelona fahren – und pünktlich ankommen. Kann Deutschland davon lernen?,https://img.zeit.de/mobilitaet/2025-11/bahnverkehr-spanien-zuege-hochgeschwindigkeitsstrecke/wide__1300x731,2025-12-05T08:23:45Z,,"Óscar Puente, Spaniens Minister für Transport und
Infrastruktur, ist bekannt für eine gewisse Großspurigkeit. Eine
flutgeschädigte Autobahn wieder aufbauen? ""Schaffen wir in zwölf Tagen"", tönt
der… [+498 chars]",,de,'Spanien'
https://www.n-tv.de/sport/fussball/Mehrere-Fussball-Profis-nach-Wettskandal-verhaftet-id30109056.html,https://www.n-tv.de/sport/fussball/Mehrere-Fussball-Profis-nach-Wettskandal-verhaftet-id30109056.html,0,www.n-tv.de,Aufruhr in der Türkei: Mehrere Fußball-Profis nach Wettskandal verhaftet,"Der türkische Fußball wird von einem Wettskandal aufgewühlt, Tausende Menschen sind über mehrere Ligen hinweg involviert. Erneut kommt es zu Verhaftungen, darunter auch von mehreren Profis. Mindestens ein Spieler des Rekordmeisters ist darunter.",https://www.n-tv.de/img/30109149/1764935151/Img_16_9/1200/ISTANBUL-TURKIYE-JULY-12-Galatasaray-player-Metehan-Baltaci-celebrates-after-scoring-a-goal-during-the-pre-season-friendly-match-between-Umraniyespor-and-Galatasaray-at-Umraniyespor-Stadium-in-Istanbul-Turkiye-on-July-12-2025-Abdulhamid-Hosbas-Anadolu-ABACAPRESS.jpg,2025-12-05T11:01:48Z,,"Aufruhr in der TürkeiMehrere Fußball-Profis nach Wettskandal verhaftet
Gegen Metehan Baltac wurde ein Haftbefehl erlassen. (Foto: picture alliance / abaca)
Der türkische Fußball wird von einem Wett… [+1944 chars]",,de,'Istanbul'
https://www.zeit.de/sport/2025-12/wettskandal-tuerkei-spieler-festgenommen,https://www.zeit.de/sport/2025-12/wettskandal-tuerkei-spieler-festgenommen,0,www.zeit.de,Wettskandal in der Türkei: Mehrere Fußballer wegen Betrugsverdachts festgenommen,Die Staatsanwaltschaft in Istanbul hat im Zuge des Wettskandals 29 weitere Fußballspieler festnehmen lassen. Fast alle von ihnen sollen auf eigene Spiele gewettet haben.,https://img.zeit.de/sport/2025-12/tuerkei-fussball-wettskandal-festnahme-spieler-bild-2/wide__1300x731,2025-12-05T11:08:54Z,,"Die Ermittlungen zum Wettskandal im türkischen Fußball haben zu weiteren Festnahmen geführt. Die Staatsanwaltschaft in Istanbul veranlasste, 46 weitere Verdächtige festzunehmen. Darunter seien 29 Fuß… [+537 chars]",,de,'Istanbul'
https://www.stern.de/news/gebet-36932596.html,https://www.stern.de/news/gebet-36932596.html,0,www.stern.de,Gebet,"In der Al-Akbar-Moschee in Surabaya (Indonesien) beten Menschen für die Opfer der Flutkatastrophe, die vergangene Woche infolge von zwei Tropenstürmen und heftigem Monsunregen mehrere Länder Asiens schwer getroffen hatte.",https://image.stern.de/36932598/t/eA/v1/w1440/r1.7778/-/05--gebet---76c6f42c0f8a0634.jpg,2025-12-05T12:45:24Z,,"Zugang zu stern+statt 11,96 
 nur 1  
<ul><li>Alles von stern+ mit erstklassigen Inhalten von GEO und Capital</li><li>4 Wochen testen, dann 2,99  je Woche</li><li>jederzeit kündbar</li></ul>",,de,'Indonesien'
https://www.dw.com/de/fussball-wettskandal-in-tuerkei-spieler-festgenommen/a-75035980,https://www.dw.com/de/fussball-wettskandal-in-tuerkei-spieler-festgenommen/a-75035980,0,www.dw.com,Fußball-Wettskandal in Türkei: Spieler festgenommen,"Die Strafverfolgungsbehörden in der Türkei gehen weiter gegen Verdächtige im Fußball-Wettskandal vor. Betroffen sind auch Spieler aus Istanbul, darunter ein Nationalspieler.",https://static.dw.com/image/75036751_6.jpg,2025-12-05T14:11:00Z,,"Nach Angaben der Staatsanwaltschaft in Istanbul wurde die Festnahme von 46 Verdächtigen im türkischenFußball-Wettskandal angeordnet. Darunter seien 27 Fußballer, denen vorgeworfen werde, auf Spiele i… [+1080 chars]",,de,'Istanbul'
https://www.zeit.de/2025/52/fleischkonsum-asien-huehnchen-kfc-gefluegel-klimawandel,https://www.zeit.de/2025/52/fleischkonsum-asien-huehnchen-kfc-gefluegel-klimawandel,0,www.zeit.de,Fleischkonsum in Asien: Wie Kentucky Fried Chicken das Klima in Asien verbessert,"Auch die Popkultur trägt dazu bei, dass eine Ernährungswende in Shanghai, Seoul und Jakarta die Klimabilanz der Region aufhübscht.",https://img.zeit.de/2025/52/womit-keiner-rechnet-bild-2/wide__1300x731,2025-12-05T15:01:46Z,,"Der Kampf gegen den Klimawandel hat gerade neue Unterstützung erhalten: von Fast-Food-Ketten, die in asiatischen Großstädten frittierte Hähnchen verkaufen. 
In Shanghai und Manila, Seoul und Jakarta… [+808 chars]",,de,'Jakarta'
https://www.bild.de/leben-wissen/reisen/strassenranking-2025-von-time-out-berlin-in-den-top-10-69282590bf07554e4577c926,https://www.bild.de/leben-wissen/reisen/strassenranking-2025-von-time-out-berlin-in-den-top-10-69282590bf07554e4577c926,0,www.bild.de,Aktuelles Ranking - Eine der hippsten Straßen der Welt liegt in Deutschland,„Time Out“ kürt die angesagtesten Straßen weltweit. Welche Stadt auf Platz 1 liegt - und wo Deutschland landet.,"https://images.bild.de/69282590bf07554e4577c926/82c77d4ff0a4f374307a71abd09afcf4,b0252fa4?w=1280",2025-12-05T15:37:49Z,,"TTS-Player überspringenArtikel weiterlesenJedes Jahr sucht das Magazin Time Out die coolsten Straßen der Welt jetzt steht fest, welche Orte 2025 ganz vorn liegen. Der Sieg geht nach Rio de Janeiro, d… [+5222 chars]",,de,'Deutschland'
https://www.freitag.de/autoren/der-freitag/harald-kujat-mit-diesen-4-kompromissen-koennte-der-ukrainekrieg-beendet-werden,https://www.freitag.de/autoren/der-freitag/harald-kujat-mit-diesen-4-kompromissen-koennte-der-ukrainekrieg-beendet-werden,0,www.freitag.de,Siegt die Diplomatie? Mit diesen vier Kompromissen könnte der Ukrainekrieg beendet werden,Wie nah steht Europa vor einer diplomatischen Wende – und welche Zugeständnisse könnten den entscheidenden Durchbruch bringen? Von NATO-Truppen bis Gebietsaufgabe: Hier zeichnet der Militärexperte Harald Kujat einen Fahrplan zum Frieden Seit fast vier Jahren …,https://www.freitag.de/autoren/der-freitag/harald-kujat-mit-diesen-4-kompromissen-koennte-der-ukrainekrieg-beendet-werden/@@images/image/great,2025-12-05T16:52:00Z,,"Seit fast vier Jahren wird in Europa Krieg geführt, ohne dass die Europäer sich ernsthaft um eine friedliche Beilegung bemüht hätten. Erst seit US-Präsident Donald Trump sein 28-Punkte-Memorandum mit… [+8861 chars]",,de,'Europa'
https://www.faz.net/aktuell/wirtschaft/indien-koennte-klimaziel-torpedieren-110798547.html,https://www.faz.net/aktuell/wirtschaft/indien-koennte-klimaziel-torpedieren-110798547.html,0,www.faz.net,Kohlekraft in Indien: Indien könnte Klimaziel torpedieren,"Einem Bericht zufolge soll Indien erwägen, zwölf Jahre länger Kohlekraftwerke zu bauen als geplant. Klimaforscher sind entsetzt.",https://media0.faz.net/image/w1200h627/14887929e9e3/w3000h1567x0y216o/082025/1.10798544/kohleverladung-in-indien-das.webp,2025-12-05T19:25:40Z,http://web.archive.org/web/20251210022940/https://www.faz.net/aktuell/wirtschaft/indien-koennte-klimaziel-torpedieren-110798547.html,"Die indische Regierung erwägt laut einem Bericht, anders als bisher geplant mindestens bis zum Jahr 2047 neue Kohlekraftwerke zu bauen. Das berichtet die Nachrichtenagentur Bloomberg unter Verweis au… [+4246 chars]",,de,'Indien'
https://www.bild.de/leben-wissen/lifestyle/es-liegt-liebe-in-der-luft-hier-wird-gleich-51-mal-geheiratet-6931bda011f914c89b853157,https://www.bild.de/leben-wissen/lifestyle/es-liegt-liebe-in-der-luft-hier-wird-gleich-51-mal-geheiratet-6931bda011f914c89b853157,0,www.bild.de,Es liegt Liebe in der Luft - Hier wird gleich 51 Mal geheiratet,In Jakarta ist es zu einer ganz besonderen Trauung gekommen: Gleich 51 Paare auf einmal haben sich das Ja-Wort gegeben.,"https://images.bild.de/6931bda011f914c89b853157/983e916302e0ced4ce2856a2c0e29f50,2d006ca4?w=1280",2025-12-05T21:31:38Z,,"Mehr zum Video anzeigen 
In Jakarta ist es zu einer ganz besonderen Trauung gekommen: Gleich 51 Paare auf einmal haben sich das Ja-Wort gegeben.
Quelle: AP05.12.2025 - 22:31 Uhr",,de,'Jakarta'
https://www.autobild.de/artikel/porsche-cayenne-958-gebrauchtwagen-test-28446553.html,https://www.autobild.de/artikel/porsche-cayenne-958-gebrauchtwagen-test-28446553.html,0,www.autobild.de,Der gebrauchte Cayenne kommt mit Nebenwirkungen,"Die zweite Generation des Porsche Cayenne vereinte von 2010 bis 2017 Performance, Luxus und Nutzwert. Was taugt das Nobel-SUV als Gebrauchter?",https://i.auto-bild.de/ir_img/4/0/2/1/2/4/3/Porsche-Cayenne-2--Generation--958--2869-3642x2051-9fe42ccf632df5bc.jpg?impolicy=og_images,2025-12-06T05:00:00Z,,Wie viel ist mein Auto wert? Kostenlose Autobewertung,,de,'Cayenne'
https://www.stern.de/news/warnung-vor-todesopfern-durch-hunger-nach-verheerender-flutkatastrophe-in-indonesien-36934572.html,https://www.stern.de/news/warnung-vor-todesopfern-durch-hunger-nach-verheerender-flutkatastrophe-in-indonesien-36934572.html,0,www.stern.de,Warnung vor Todesopfern durch Hunger nach verheerender Flutkatastrophe in Indonesien,"Nach den verheerenden Überflutungen auf der indonesischen Insel Sumatra mit mehr als 880 Toten hat ein örtlicher Gouverneur vor weiteren Todesopfern durch Hunger gewarnt. ""Viele Menschen brauchen grundlegende Versorgung"", sagte der Regierungschef der besonder…",https://image.stern.de/36934574/t/mT/v1/w1440/r1.7778/-/06--flutgebiet-auf-sumatra---1b8ffcab038030fd.jpg,2025-12-06T07:43:57Z,,"Kopiere den aktuellen Link
Zur Merkliste hinzufügen
Nach den verheerenden Überflutungen auf der indonesischen Insel Sumatra mit mehr als 880 Toten hat ein örtlicher Gouverneur vor weiteren Todesopf… [+2878 chars]",,de,'Indonesien'
https://www.diepresse.com/20378248/ein-jahr-nach-assads-sturz-in-syrien-die-sache-kann-noch-schiefgehen,https://www.diepresse.com/20378248/ein-jahr-nach-assads-sturz-in-syrien-die-sache-kann-noch-schiefgehen,0,www.diepresse.com,Ein Jahr nach Assads Sturz in Syrien: „Die Sache kann noch schiefgehen“ [premium],Im neuen Syrien nach Assad herrschen Zuversicht aber auch Angst. Übergangspräsident Shaara kämpft um Vertrauen – und gegen seine radikalen Gefolgsleute.,https://img.diepresse.com/public/incoming/809ftc-TOPSHOT-SYRIA-LIFESTYLE/alternates/DPR_SOCIAL_MAGAZIN/TOPSHOT-SYRIA-LIFESTYLE,2025-12-06T09:23:23Z,,"Istanbul/Damaskus. Trotz Trümmern, Armut und Gewalt finden die Syrer auch Zeit zum Feiern. Tausende gingen schon vor dem Jahrestag der Entmachtung von Diktator Bashar al-Assad am 8. Dezember auf die … [+6536 chars]",,de,'Istanbul'
https://www.tagesspiegel.de/gesellschaft/panorama/flutkatastrophe-in-indonesien-gouverneur-warnt-vor-weiteren-todesopfern-durch-hunger-in-abgeschnittenen-gebieten-15025476.html,https://www.tagesspiegel.de/gesellschaft/panorama/flutkatastrophe-in-indonesien-gouverneur-warnt-vor-weiteren-todesopfern-durch-hunger-in-abgeschnittenen-gebieten-15025476.html,0,www.tagesspiegel.de,Flutkatastrophe in Indonesien: Gouverneur warnt vor weiteren Todesopfern durch Hunger in abgeschnittenen Gebieten,"Nach verheerenden Überflutungen auf Sumatra warnt ein Gouverneur vor Hungertoten. Viele abgelegene Gebiete sind ohne Hilfslieferungen, ganze Dörfer wurden fortgespült.",https://www.tagesspiegel.de/images/15025478/alternates/BASE_16_9_W1400/1765017005000/aftermath-of-deadly-flash-flood-in-batang-toru-south-tapanuli.jpeg,2025-12-06T10:40:48Z,,Nach den verheerenden Überflutungen auf der indonesischen Insel Sumatra mit mehr als 880 Toten hat ein örtlicher Gouverneur vor weiteren Todesopfern durch Hunger gewarnt. Viele Menschen brauchen grun… [+3417 chars],,de,'Indonesien'
https://www.bild.de/politik/ausland-und-internationales/porsche-in-russland-springen-hunderte-luxusautos-nicht-mehr-an-69343d9411f914c89b854f02,https://www.bild.de/politik/ausland-und-internationales/porsche-in-russland-springen-hunderte-luxusautos-nicht-mehr-an-69343d9411f914c89b854f02,0,www.bild.de,„Teurer Ziegelstein“ - Porsches in Russland springen nicht mehr an!,"Hunderte Luxus-Karossen außer Gefecht – und keiner weiß, warum! In Russland klagen Porsche-Besitzer reihenweise über defekte Alarmanlagen.","https://images.bild.de/69343d9411f914c89b854f02/467cb4766a1f3d22d62e8d4c0141eca1-landscape,f6a939d6?w=1280",2025-12-06T15:45:51Z,,"Moskau Hunderte Luxus-Karossen außer Gefecht und keiner weiß, warum! In Russland klagen Porsche-Besitzer reihenweise über defekte Alarmanlagen. Der Grund sind allem Anschein nach blockierte Bordcompu… [+2547 chars]",,de,'Cayenne'
https://www.bild.de/sport/fussball/gala-fans-feiern-ihn-tuerkischer-sane-geht-viral-6934516311f914c89b854ffb,https://www.bild.de/sport/fussball/gala-fans-feiern-ihn-tuerkischer-sane-geht-viral-6934516311f914c89b854ffb,0,www.bild.de,Gala-Fans feiern ihn! - Türkischer Sané geht viral,Dieser Fan geht in Istanbul als Sané-Double viral.,"https://images.bild.de/6934516311f914c89b854ffb/0caf21bc2169c3dca4999f9826efbe78-landscape,4d07d13a?w=1280",2025-12-06T16:32:01Z,,"+++Kürzel BSW bleibt: Wagenknecht-Partei benennt sich um
+++Kürzel BSW bleibt: Wagenknecht-Partei benennt sich um
+++Kürzel BSW bleibt: Wagenknecht-Partei benennt sich um
+++Kürzel BSW bleibt: Wag… [+378 chars]",,de,'Istanbul'
https://www.dw.com/de/zweiter-versuch-au%C3%9Fenminster-wadephul-reist-nach-china/a-74989417,https://www.dw.com/de/zweiter-versuch-au%C3%9Fenminster-wadephul-reist-nach-china/a-74989417,0,www.dw.com,Zweiter Versuch: Außenminster Wadephul reist nach China,Ende Oktober sagte der deutsche Chefdiplomat eine Reise in die Volksrepublik im letzten Moment ab. Jetzt will Wadephul in Peking den Antrittsbesuch von Bundeskanzler Merz im Frühjahr vorbereiten.,https://static.dw.com/image/74240332_6.jpg,2025-12-07T07:16:00Z,,Jetzt also doch: Von diesem Sonntag bis zum Mittwoch kommender Woche reist Bundesaußenminister Johann Wadephul nach China. Zu besprechen gibt es mit der chinesischen Regierung so einiges. Vor allem a… [+4899 chars],,de,'Indonesien'
https://www.focus.de/panorama/katja-wandert-zum-zweiten-mal-aus-deutschland-fuehlte-sich-nur-nach-erschoepfung-an_618a09b0-4f01-4281-b601-6bacc0a65a8f.html,https://www.focus.de/panorama/katja-wandert-zum-zweiten-mal-aus-deutschland-fuehlte-sich-nur-nach-erschoepfung-an_618a09b0-4f01-4281-b601-6bacc0a65a8f.html,0,www.focus.de,"Katja wandert zum zweiten Mal aus: ""Deutschland fühlte sich nur nach Erschöpfung an""","„Deutschland fühlte sich für mich nur noch nach Erschöpfung an"": Es sind bittere Worte einer Auswanderin, die mit den Verhältnissen in Deutschland abrechnet.",https://quadro.burda-forward.de/ctf/1f72c2cf-80d3-4ccc-b349-84168ae46f18.9295c81a-8092-499d-b597-bccc1c98f28d.jpg?im=RegionOfInterestCrop%3D%281200%2C630%29%2CregionOfInterest%3D%282833%2C2311%29&hash=40a9494e439555395376423841a6fd32788c3147bfadcbf321f851a3b6270534,2025-12-07T10:07:23Z,,"<ul><li>Im Video oben: Auswanderin Svenja zieht Fazit: Was ich an Deutschland vermisse und was nicht</li></ul>Eine Auswanderin, die in den vergangenen Jahren mehrfach ihren Wohnsitz zwischen Deutschl… [+3161 chars]",,de,'Deutschland'
https://www.focus.de/politik/deutschland/auswanderin-ueber-deutschland-was-fuer-ein-system-wo-sich-arbeiten-nicht-lohnt_618a09b0-4f01-4281-b601-6bacc0a65a8f.html,https://www.focus.de/politik/deutschland/auswanderin-ueber-deutschland-was-fuer-ein-system-wo-sich-arbeiten-nicht-lohnt_618a09b0-4f01-4281-b601-6bacc0a65a8f.html,0,www.focus.de,"Auswanderin über Deutschland: ""Was für ein System, wo sich arbeiten nicht lohnt?""","„Deutschland fühlte sich für mich nur noch nach Erschöpfung an"": Es sind bittere Worte einer Auswanderin, die mit den Verhältnissen in Deutschland abrechnet.",https://quadro.burda-forward.de/ctf/1f72c2cf-80d3-4ccc-b349-84168ae46f18.9295c81a-8092-499d-b597-bccc1c98f28d.jpg?im=RegionOfInterestCrop%3D%281200%2C630%29%2CregionOfInterest%3D%282833%2C2311%29&hash=40a9494e439555395376423841a6fd32788c3147bfadcbf321f851a3b6270534,2025-12-07T10:07:23Z,,"Eine Auswanderin, die in den vergangenen Jahren mehrfach ihren Wohnsitz zwischen Deutschland und Singapur wechselte, macht ihrem Frust über die deutschen Verhältnisse Luft. Katja Flann, aufgewachsen … [+3049 chars]",,de,'Deutschland'
https://www.morgenpost.de/politik/article410644100/300-km-reichweite-griechische-raketen-provozieren-tuerkei.html,https://www.morgenpost.de/politik/article410644100/300-km-reichweite-griechische-raketen-provozieren-tuerkei.html,0,www.morgenpost.de,300 km Reichweite: Griechische Raketen provozieren Türkei,Der griechische Verteidigungsminister will Luftabwehrsysteme auf den Ägäisinseln installieren. Ankara warnt vor neuen Spannungen.,https://img.sparknews.funkemedien.de/410645470/410645470_1765111064_v16_9_1600.jpeg,2025-12-07T12:37:44Z,,"Für Griechenlands Verteidigungsminister Nikos Dendias steht fest: Die primäre Bedrohung für sein Land sei der Nachbar und Nato-Partner Türkei. Um einem möglichen Angriff vorzubeugen, will Dendias Rak… [+3556 chars]",,de,'Istanbul'
https://www.focus.de/immobilien/wohnen/nepal-china-kolumbien-das-sind-2026-die-zehn-besten-orte-fuer-einen-goldenen-lebensabend_9dd21a1a-2712-4a14-ab74-b352bd29bb24.html,https://www.focus.de/immobilien/wohnen/nepal-china-kolumbien-das-sind-2026-die-zehn-besten-orte-fuer-einen-goldenen-lebensabend_9dd21a1a-2712-4a14-ab74-b352bd29bb24.html,0,www.focus.de,"Nepal, China, Kolumbien: Das sind 2026 die zehn besten Orte für einen goldenen Lebensabend","Wenn es kalt und regnerisch in Deutschland wird, suchen viele gerne nach Alternativen. Warum nicht den Ruhestand statt auf dem deutschen Land in der weiten Welt verbringen? Wir haben 889 Städte analysiert. Hier sind die Top Ten für Ihren Lebensabend.",https://quadro.burda-forward.de/ctf/85829e7f-0a75-437a-a962-ea9f3b9e9d2a.d3ed08c1-917e-4f24-865b-c2b1ed4fd595.jpeg?im=RegionOfInterestCrop%3D%281200%2C630%29%2CregionOfInterest%3D%281666%2C945%29&hash=5a01431c1236ae93b0f7eb8de16c4847aab35b7cad982d2c745a30867a206902,2025-12-08T03:39:55Z,,"245.000 deutsche Rentner lebten im vergangenen Jahr bereits im Ausland. Das waren 3,4 Prozent mehr als noch ein Jahr zuvor. Wenn das für Sie auch verlockend klingt, bleibt nur die Frage, wohin Sie ge… [+11462 chars]",,de,'Kolumbien'
https://www.stern.de/news/-es-fehlt-an-allem---grosse-not-in-hochwassergebieten-in-indonesien-36938644.html,https://www.stern.de/news/-es-fehlt-an-allem---grosse-not-in-hochwassergebieten-in-indonesien-36938644.html,0,www.stern.de,"""Es fehlt an allem"": Große Not in Hochwassergebieten in Indonesien","Nach den verheerenden Überflutungen auf der indonesischen Insel Sumatra mit mehr als 900 Toten herrscht im Katastrophengebiet ein Mangel an Lebensmitteln, Medikamenten, Notunterkünften und Ärzten. ""Es fehlt an allem, vor allem an medizinischem Personal"", sagt…",https://image.stern.de/36938646/t/bp/v1/w1440/r1.7778/-/08--schaeden-durch-erdrutsch-in-der-provinz-westjava---3c4780a239365acf.jpg,2025-12-08T07:39:38Z,,"Kopiere den aktuellen Link
Zur Merkliste hinzufügen
Nach den verheerenden Überflutungen auf der indonesischen Insel Sumatra mit mehr als 900 Toten herrscht im Katastrophengebiet ein Mangel an Leben… [+2057 chars]",,de,'Indonesien'
https://www.stern.de/panorama/monsun-saison--regenfluten-in-indonesien---fast-1-000-tote-auf-sumatra-36939208.html,https://www.stern.de/panorama/monsun-saison--regenfluten-in-indonesien---fast-1-000-tote-auf-sumatra-36939208.html,0,www.stern.de,Monsun-Saison: Regenfluten in Indonesien - fast 1.000 Tote auf Sumatra,"Die Hochphase der Regenzeit beginnt gerade erst, doch jetzt schon steigt die Zahl der Toten und Vertriebenen auf Sumatra immer weiter. Und für die kommenden Tage werden neue Regenfälle erwartet.",https://image.stern.de/36939210/t/6r/v1/w1440/r1.7778/-/08--3zxpetgsvfv9axs2048jpeg---cde336ad07c7bc1c.jpg,2025-12-08T10:05:15Z,,"Kopiere den aktuellen Link
Zur Merkliste hinzufügen
Die Hochphase der Regenzeit beginnt gerade erst, doch jetzt schon steigt die Zahl der Toten und Vertriebenen auf Sumatra immer weiter. Und für di… [+1842 chars]",,de,'Indonesien'
https://www.tagesspiegel.de/gesellschaft/panorama/monsun-saison-regenfluten-in-indonesien-fast-1000-tote-auf-sumatra-15029490.html,https://www.tagesspiegel.de/gesellschaft/panorama/monsun-saison-regenfluten-in-indonesien-fast-1000-tote-auf-sumatra-15029490.html,0,www.tagesspiegel.de,Monsun-Saison: Regenfluten in Indonesien - fast 1.000 Tote auf Sumatra,"Die Hochphase der Regenzeit beginnt gerade erst, doch jetzt schon steigt die Zahl der Toten und Vertriebenen auf Sumatra immer weiter. Und für die kommenden Tage werden neue Regenfälle erwartet.",https://www.tagesspiegel.de/images/15029489/alternates/BASE_16_9_W1400/1765188378000/uberschwemmungen-in-indonesien.jpeg,2025-12-08T10:06:18Z,,Nach wochenlangen Überschwemmungen und Erdrutschen im Norden der indonesischen Insel Sumatra ist die Zahl der Toten auf fast 1.000 gestiegen. Knapp eine Million Menschen seien aus ihren Häusern vertr… [+1688 chars],,de,'Indonesien'
https://www.stern.de/news/indonesien--wegen-drogenschmuggels-zum-tode-verurteilter-niederlaender-freigelassen-36939570.html,https://www.stern.de/news/indonesien--wegen-drogenschmuggels-zum-tode-verurteilter-niederlaender-freigelassen-36939570.html,0,www.stern.de,Indonesien: Wegen Drogenschmuggels zum Tode verurteilter Niederländer freigelassen,Ein vor 17 Jahren in Indonesien wegen Drogenschmuggels zum Tode verurteilter Niederländer ist aus humanitären Gründen aus dem Gefängnis entlassen worden. Der 74-jährige Siegfried Mets habe das Gefängnis Cipinang in der Hauptstadt Jakarta verlassen und befinde…,https://image.stern.de/36939572/t/BA/v1/w1440/r1.7778/-/08--mets-r-und-tokman-in-jakarta---bd55cde1d2bee667.jpg,2025-12-08T10:59:02Z,,"Kopiere den aktuellen Link
Zur Merkliste hinzufügen
Ein vor 17 Jahren in Indonesien wegen Drogenschmuggels zum Tode verurteilter Niederländer ist aus humanitären Gründen aus dem Gefängnis entlassen… [+1473 chars]",,de,'Indonesien'
https://ooe.orf.at/stories/3332998/,https://ooe.orf.at/stories/3332998/,0,ooe.orf.at,Turkish Cargo fliegt doch weiter nach Linz,"Turkish Airlines wird den derzeit viel diskutierten Flughafen weiterhin mit Fracht anfliegen. Zuletzt hieß es, diese Flüge aus Istanbul könnten nach Wien verlagert werden. Nun ist fix, dass Turkish Cargo dem Flughafen Linz doch treu bleibt.",https://ibs.orf.at/ooe?image=https%3A%2F%2Foekastatic.orf.at%2Fmims%2F2025%2F22%2F20%2Fcrops%2Fw%3D1200%2Ch%3D627%2Cq%3D75%2F2645377_master_1016420_250430_ooeh_roh_flughafen1_c0001_00_00_41_07.jpg%3Fs%3D590e08ed595b9e7241165012edbc762e4b406551,2025-12-08T11:24:38Z,,"Damit sind die Gespräche, die Frachtflüge auf den Flughafen Wien-Schwechat zu verlegen offenbar vom Tisch.
Mitte November hieß es aus der Frachtsparte von Turkish Airlines noch, dass es entsprechend… [+682 chars]",,de,'Istanbul'
https://www.tagesschau.de/ausland/asien/fluten-indonesien-100.html,https://www.tagesschau.de/ausland/asien/fluten-indonesien-100.html,0,www.tagesschau.de,Große Not nach Überschwemmungen in Indonesien,"Fast 1.000 Tote allein auf der Insel Sumatra, Hunderttausende ohne Obdach, die Infrastruktur in Trümmern - die Folgen der Überschwemmungen in Indonesien sind verheerend. Und nun mangelt es an Lebensmitteln, Medikamenten und Helfern.",https://images.tagesschau.de/image/c4bc919f-9a13-4998-ae63-32add37a6a97/AAABmv3dMxw/AAABmt42H9g/16x9-big/indonesien-fluten-100.jpg?width=1280,2025-12-08T12:30:18Z,,"Stand: 08.12.2025 13:30 Uhr
Fast 1.000 Tote allein auf der Insel Sumatra, Hunderttausende ohne Obdach, die Infrastruktur in Trümmern - die Folgen der Überschwemmungen in Indonesien sind verheerend. … [+2428 chars]",,de,'Indonesien'
https://www.tagesspiegel.de/gesellschaft/panorama/indonesien-macht-humanitare-grunde-geltend-wegen-drogenschmuggels-zum-tode-verurteilte-niederlander-freigelassen-15030389.html,https://www.tagesspiegel.de/gesellschaft/panorama/indonesien-macht-humanitare-grunde-geltend-wegen-drogenschmuggels-zum-tode-verurteilte-niederlander-freigelassen-15030389.html,0,www.tagesspiegel.de,Indonesien macht humanitäre Gründe geltend: Wegen Drogenschmuggels zum Tode verurteilte Niederländer freigelassen,Ein in Indonesien vor 17 Jahren wegen Drogenschmuggels zum Tode verurteilter Niederländer ist freigelassen worden. Gemeinsam mit einem 65-jährigen Landsmann sollte er abgeschoben werden.,https://www.tagesspiegel.de/images/15030473/alternates/BASE_16_9_W1400/1765199279000/topshot-indonesia-netherlands-crime-diplomacy.jpeg,2025-12-08T13:14:36Z,,Ein vor 17 Jahren in Indonesien wegen Drogenschmuggels zum Tode verurteilter Niederländer ist aus humanitären Gründen aus dem Gefängnis entlassen worden. Der 74-jährige Siegfried Mets habe das Gefäng… [+1987 chars],,de,'Indonesien'
https://www.sueddeutsche.de/politik/erdogan-orban-istanbul-ungarn-tuerkei-li.3350822,https://www.sueddeutsche.de/politik/erdogan-orban-istanbul-ungarn-tuerkei-li.3350822,0,www.sueddeutsche.de,Orbán in Istanbul: Besties am Bosporus,"Der türkische Präsident Erdoğan erfreut sich großer Beliebtheit. Nicht in seinem Land, aber auf der Weltbühne. Am Montag bekam er Besuch vom ungarischen Premier Orbán. Der dankte dem Gastgeber für nichts weniger als die Rettung Europas.",https://www.sueddeutsche.de/2025/12/08/58634718-285f-41c0-a7b7-8ab167b3cd5b.jpg?q=60&fm=webp&width=1200&rect=0%2C292%2C3500%2C1969,2025-12-08T18:27:28Z,,"Erdoan, der Freund. Das war früher nicht immer seine Rolle auf der Weltbühne. Inzwischen bezeichnen ihn sowohl Wolodomir Selenskij als auch Wladimir Putin als einen solchen. Zwei, die sonst nicht vie… [+4071 chars]",,de,'Istanbul'
https://www.stern.de/news/witwe-von-ermordetem-khashoggi-fordert-ermittlungen-wegen-handy-hackings-36941438.html,https://www.stern.de/news/witwe-von-ermordetem-khashoggi-fordert-ermittlungen-wegen-handy-hackings-36941438.html,0,www.stern.de,Witwe von ermordetem Khashoggi fordert Ermittlungen wegen Handy-Hackings,"Die Witwe des vor sieben Jahren im saudiarabischen Konsulat in Istanbul ermordeten regierungskritischen Journalisten Jamal Khashoggi wirft Saudi-Arabien vor, ihre Handys ausspioniert zu haben, und hat in Frankreich Klage eingereicht. Sie gehe davon aus, dass …",https://image.stern.de/36941440/t/TV/v1/w1440/r1.7778/-/08--hanan-elatr-khashoggi---b798506c9f5a32ad.jpg,2025-12-08T19:28:42Z,,"Kopiere den aktuellen Link
Zur Merkliste hinzufügen
Die Witwe des vor sieben Jahren im saudiarabischen Konsulat in Istanbul ermordeten regierungskritischen Journalisten Jamal Khashoggi wirft Saudi-… [+1968 chars]",,de,'Saudi-Arabien'
https://www.dw.com/de/news-kompakt-die-meisten-journalisten-starben-2025-in-gaza-honduras-thailand-kambodscha-nvidia/a-75071482,https://www.dw.com/de/news-kompakt-die-meisten-journalisten-starben-2025-in-gaza-honduras-thailand-kambodscha-nvidia/a-75071482,0,www.dw.com,Gaza war 2025 der gefährlichste Arbeitsplatz für Journalisten - News kompakt: Das Wichtigste kurz gefasst,"Reporter ohne Grenzen zählt für das vergangene Jahr weltweit 67 getötete Journalisten. US-Chiphersteller Nvidia erhält grünes Licht, erneut leistungsstärkere KI-Chips nach China zu exportieren. Das Wichtigste in Kürze. Weltweit sind in den vergangenen zwölf M…",https://static.dw.com/image/74063791_6.jpg,2025-12-09T08:01:00Z,,"Weltweit sind in den vergangenen zwölf Monaten nach Angaben der Organisation Reporter ohne Grenzen 67 Journalisten getötet worden. 29 von ihnen kamen im Gazastreifen ums Leben, wie aus der Jahresbila… [+5687 chars]",,de,'China'
https://www.nzz.ch/pro/geopolitik-praegt-den-handel-china-und-andere-laender-suchen-sich-neue-maerkte-ld.1913955,https://www.nzz.ch/pro/geopolitik-praegt-den-handel-china-und-andere-laender-suchen-sich-neue-maerkte-ld.1913955,0,www.nzz.ch,DATENANALYSE - Geopolitik prägt den Handel: China und andere Länder suchen sich neue Märkte,Trotz Zollstreit erreichen Chinas weltweite Exporte einen Rekord. Allerdings mussten die chinesischen Exporteure dafür ihre Preise senken. Bei seltenen Erden zogen die Ausfuhren aus Thailand und Vietnam in die USA an.,"https://img.nzz.ch/2025/12/05/b4be9a10-10b4-48ec-9155-06b8fa130f95.jpg?width=1200&height=675&fit=bounds&quality=75&auto=webp&crop=2400,1350,x0,y228&wmark=nzz",2025-12-09T09:52:37Z,,Trotz Zollstreit erreichen Chinas weltweite Exporte einen Rekord. Allerdings mussten die chinesischen Exporteure dafür ihre Preise senken. Bei seltenen Erden zogen die Ausfuhren aus Thailand und Viet… [+6373 chars],,de,'Thailand'
https://www.stern.de/news/indonesien--mindestens-20-tote-bei-brand-in-buerogebaeude-in-jakarta-36943104.html,https://www.stern.de/news/indonesien--mindestens-20-tote-bei-brand-in-buerogebaeude-in-jakarta-36943104.html,0,www.stern.de,Indonesien: Mindestens 20 Tote bei Brand in Bürogebäude in Jakarta,"Bei einem Brand in einem Bürogebäude im Zentrum der indonesischen Hauptstadt Jakarta sind nach Polizeiangaben mindestens 20 Menschen ums Leben gekommen. Bei den Todesopfern handele es sich um 15 Frauen, darunter eine Schwangere, sowie fünf Männer, erklärte di…",https://image.stern.de/36943106/t/MG/v1/w1440/r1.7778/-/09--das-von-dem-brand-beschaedigte-gebaeude-in-jakarta---9e86532293624e3d.jpg,2025-12-09T10:10:18Z,,"Kopiere den aktuellen Link
Zur Merkliste hinzufügen
Bei einem Brand in einem Bürogebäude im Zentrum der indonesischen Hauptstadt Jakarta sind nach Polizeiangaben mindestens 20 Menschen ums Leben ge… [+567 chars]",,de,'Jakarta'
https://www.welt.de/politik/ausland/video6937f6aa91e8695eab442856/das-interview-im-wortlaut-deutschland-war-frei-von-kriminalitaet-aber-angela-hat-zwei-grosse-fehler-gemacht-sagt-trump.html,https://www.welt.de/politik/ausland/video6937f6aa91e8695eab442856/das-interview-im-wortlaut-deutschland-war-frei-von-kriminalitaet-aber-angela-hat-zwei-grosse-fehler-gemacht-sagt-trump.html,0,www.welt.de,"„Deutschland war frei von Kriminalität, aber Angela hat zwei große Fehler gemacht“, sagt Trump","US-Präsident Donald Trump fordert Europa zu einem radikalen Umsteuern in der Migrationspolitik auf. Das sagte er in einem Interview des US-Portals „Politico“, das wie WELT zu Axel Springer gehört. Dasha Burns hat das Gespräch geführt. Sie können hier das Vide…",https://images.welt.de/6937f6aa91e8695eab442856/2362bcda4c9f7fbaa1c5d06b1348b298/ci16x9-w1200/hold-for-trump-conversation-donald-trump-287-jpg,2025-12-09T11:28:05Z,http://web.archive.org/web/20251210050735/https://www.welt.de/politik/ausland/video6937f6aa91e8695eab442856/das-interview-im-wortlaut-deutschland-war-frei-von-kriminalitaet-aber-angela-hat-zwei-grosse-fehler-gemacht-sagt-trump.html,"US-Präsident Donald Trump fordert Europa zu einem radikalen Umsteuern in der Migrationspolitik auf. Das sagte er in einem Interview des US-Portals Politico, das wie WELT zu Axel Springer gehört. Dash… [+56670 chars]",,de,'Deutschland'
https://www.stern.de/news/exporte-in-die-usa-und-nach-china-im-oktober-gesunken---insgesamt-mini-wachstum-36943704.html,https://www.stern.de/news/exporte-in-die-usa-und-nach-china-im-oktober-gesunken---insgesamt-mini-wachstum-36943704.html,0,www.stern.de,Exporte in die USA und nach China im Oktober gesunken - Insgesamt Mini-Wachstum,"Deutschlands Unternehmen haben im Oktober erneut weniger Waren in die beiden größten Volkswirtschaften der Welt geliefert, die USA und China. Unter dem Strich stand insgesamt aber ein Mini-Wachstum der Ausfuhren von 0,1 Prozent im Vormonatsvergleich, wie das …",https://image.stern.de/36943706/t/GQ/v1/w1440/r1.7778/-/09--containerschiff-im-hamburger-hafen---ed1460d24b59864f.jpg,2025-12-09T12:06:13Z,,"Kopiere den aktuellen Link
Zur Merkliste hinzufügen
Deutschlands Unternehmen haben im Oktober erneut weniger Waren in die beiden größten Volkswirtschaften der Welt geliefert, die USA und China. Unt… [+2336 chars]",,de,'China'
https://www.bild.de/sport/fussball/union-berlin-tuerkei-klub-jagt-diogo-leite-eiserne-wollen-tuerkei-spieler-693824b991e8695eab442d22,https://www.bild.de/sport/fussball/union-berlin-tuerkei-klub-jagt-diogo-leite-eiserne-wollen-tuerkei-spieler-693824b991e8695eab442d22,0,www.bild.de,Wechsel immer wahrscheinlicher - Top-Klub aus Türkei will Unions Leite. Union will Türkei-Spieler,Nach dem AC Florenz kommt aus der Türkei Interesse an Diogo Leite (25). Ein Abgang im Winter damit immer wahrscheinlich – im Sommer läuft sein Vertrag aus.,"https://images.bild.de/693824b991e8695eab442d22/0efddbf8a6c8eaa4952bea5ac8c325f6-landscape,7a0c2c06?w=1280",2025-12-09T15:08:40Z,,"Wechselt Leite in die Türkei? 
Der Abgang von Diogo Leite (25) bei Union im Winter wird immer wahrscheinlich. Für die Eisernen ist es die letzte Möglichkeit, Geld für den Verteidiger zu kassieren. I… [+1757 chars]",,de,'Türkei'
https://www.jungewelt.de/artikel/513743.indonesien-ohne-kommentar.html,https://www.jungewelt.de/artikel/513743.indonesien-ohne-kommentar.html,0,www.jungewelt.de,Indonesien: Ohne Kommentar,Nach einem heftigen Hochwasser werden in der indonesischen Provinz Aceh Elefanten zur Räumung von Schutt und Baumstämmen eingesetzt.,https://www.jungewelt.de/img/1100/216581.jpg,2025-12-09T18:41:07Z,,"Friedenspropaganda statt Kriegsspielzeug
Mit dem Winteraktionsabo bieten wir denen ein Einstiegsangebot, die genug haben von der Kriegspropaganda der Mainstreammedien und auf der Suche nach anderen … [+329 chars]",,de,'Indonesien'
https://www.faz.net/aktuell/politik/ausland/energielieferungen-orbans-schulterschluss-mit-erdoan-110800346.html,https://www.faz.net/aktuell/politik/ausland/energielieferungen-orbans-schulterschluss-mit-erdoan-110800346.html,0,www.faz.net,Besuch in Istanbul: Energielieferungen: Orbáns Schulterschluss mit Erdoğan,Ungarn will weiter russisches Gas über die Türkei beziehen – ein zweischneidiges Schwert für Erdoğan.,https://media0.faz.net/image/w1200h627/96718d14e2f8/w3919h2047x752y870o/202512/43601.0.1563197065/orb-n-am-montag-mit-erdo-an-in.webp,2025-12-09T20:46:44Z,,Ungarn geht in der EU schon lange eigene Wege. Ein solcher war auch der Türkei-Besuch von Ministerpräsident Viktor Orbán am Montagabend. Bei einer gemeinsamen Pressekonferenz mit Präsident Recep Tayy… [+4919 chars],,de,'Türkei'
https://www.nzz.ch/international/wie-aufgrund-der-raucherkultur-in-der-tuerkei-der-tabakkonsum-ungebrochen-anhaelt-ld.1913841,https://www.nzz.ch/international/wie-aufgrund-der-raucherkultur-in-der-tuerkei-der-tabakkonsum-ungebrochen-anhaelt-ld.1913841,0,www.nzz.ch,Die höhere Macht der Raucher,"Obwohl in der Türkei seit 2009 ein umfassendes Rauchverbot gilt, wird munter weitergepafft. Manch ein Gastronom beugt sich der Tabaklust und -sucht seiner Klientel. Das zeigt ein Ausflug in die Istanbuler Gastroszene.","https://img.nzz.ch/2025/12/09/f048757d-b1b1-4e42-b956-5e0de3a35ac8.jpg?width=1200&height=674&fit=bounds&quality=75&auto=webp&crop=2297,1292,x0,y16&wmark=nzz",2025-12-10T04:30:00Z,,"Obwohl in der Türkei seit 2009 ein umfassendes Rauchverbot gilt, wird munter weitergepafft. Manch ein Gastronom beugt sich der Tabaklust und -sucht seiner Klientel. Das zeigt ein Ausflug in die Istan… [+9934 chars]",,de,'Türkei'
